date,log_price,sales_latent,sales
2021-06-01,2.995732273553991,15.96325221525511,19
2021-06-02,2.995732273553991,14.83217515731853,10
2021-06-03,2.995732273553991,13.941933078938428,16
2021-06-04,2.995732273553991,14.074410886800905,12
2021-06-05,2.995732273553991,14.936219549009198,10
2021-06-06,2.995732273553991,16.11549823706182,14
2021-06-07,2.995732273553991,16.699121395027117,19
2021-06-08,2.995732273553991,15.982552761412164,17
2021-06-09,2.995732273553991,14.677366129598393,14
2021-06-10,2.995732273553991,14.037204373907736,20
2021-06-11,2.995732273553991,14.325618301049689,11
2021-06-12,2.995732273553991,15.445881668717012,19
2021-06-13,2.995732273553991,17.06522314249282,16
2021-06-14,2.995732273553991,17.909931522027797,17
2021-06-15,2.995732273553991,17.40350234195235,24
2021-06-16,2.995732273553991,15.854041898205162,15
2021-06-17,2.995732273553991,14.630755023915947,18
2021-06-18,2.995732273553991,14.72407232987858,15
2021-06-19,2.995732273553991,16.316869189317398,16
2021-06-20,2.995732273553991,17.468928078099772,10
2021-06-21,2.995732273553991,18.37813693785214,19
2021-06-22,2.995732273553991,18.067909043614026,17
2021-06-23,2.995732273553991,16.818615190794375,16
2021-06-24,2.995732273553991,15.343701989138559,16
2021-06-25,2.995732273553991,15.58320302807933,20
2021-06-26,2.995732273553991,16.74530682934631,22
2021-06-27,2.995732273553991,18.08424288640131,16
2021-06-28,2.995732273553991,18.354085096260686,12
2021-06-29,2.995732273553991,17.836459824724667,13
2021-06-30,2.995732273553991,16.687218780431703,16
2021-07-01,2.995732273553991,15.546280179919457,13
2021-07-02,2.995732273553991,15.406192250004606,10
2021-07-03,2.995732273553991,16.494405142104156,18
2021-07-04,2.995732273553991,18.20375037412698,18
2021-07-05,2.995732273553991,18.984677911163743,13
2021-07-06,2.995732273553991,18.160200803193057,27
2021-07-07,2.995732273553991,16.49250838900019,18
2021-07-08,2.995732273553991,15.109966302186724,16
2021-07-09,2.995732273553991,15.355910530457665,12
2021-07-10,2.995732273553991,16.670527715409065,18
2021-07-11,2.995732273553991,18.291405952146256,19
2021-07-12,2.995732273553991,19.465317825520238,20
2021-07-13,2.995732273553991,18.964842586411848,17
2021-07-14,2.995732273553991,16.99634910896833,25
2021-07-15,2.995732273553991,15.922954325622742,15
2021-07-16,2.995732273553991,16.216164200259183,14
2021-07-17,2.995732273553991,17.78231550683752,17
2021-07-18,2.995732273553991,19.41113783421254,21
2021-07-19,2.995732273553991,20.68613467818696,22
2021-07-20,2.995732273553991,19.748167997706666,23
2021-07-21,2.995732273553991,18.253473540772934,20
2021-07-22,2.995732273553991,16.85186894110679,20
2021-07-23,2.995732273553991,17.004203198282706,12
2021-07-24,2.995732273553991,18.550429832509554,16
2021-07-25,2.995732273553991,20.349117375568415,22
2021-07-26,2.995732273553991,20.98875934998519,18
2021-07-27,2.995732273553991,19.982651326566092,30
2021-07-28,2.995732273553991,18.442967282871884,21
2021-07-29,2.995732273553991,16.95269348804397,29
2021-07-30,2.995732273553991,17.27934729976019,23
2021-07-31,2.995732273553991,18.085655258191483,18
2021-08-01,2.995732273553991,19.53333550043839,13
2021-08-02,2.995732273553991,19.84906511808739,16
2021-08-03,2.995732273553991,19.408073212326055,22
2021-08-04,2.995732273553991,17.109062291566683,14
2021-08-05,2.995732273553991,15.412691714046021,21
2021-08-06,2.995732273553991,15.589266894440033,14
2021-08-07,2.995732273553991,16.371264851814324,14
2021-08-08,2.995732273553991,17.632469575624008,18
2021-08-09,2.995732273553991,18.199048234086447,16
2021-08-10,2.995732273553991,17.548645849700062,20
2021-08-11,2.995732273553991,16.077605453436608,14
2021-08-12,2.995732273553991,14.96395935949787,8
2021-08-13,2.995732273553991,14.850379298682917,25
2021-08-14,2.995732273553991,15.745482872981453,11
2021-08-15,2.995732273553991,17.034337673889862,20
2021-08-16,2.995732273553991,17.232667731337656,14
2021-08-17,2.995732273553991,16.58771130430175,12
2021-08-18,2.995732273553991,15.496181464054464,12
2021-08-19,2.995732273553991,14.206929936534289,13
2021-08-20,2.995732273553991,14.288779592560205,11
2021-08-21,2.995732273553991,15.38149593540918,25
2021-08-22,2.995732273553991,16.796312335156887,10
2021-08-23,2.995732273553991,17.665498173402348,14
2021-08-24,2.995732273553991,17.026754330654377,12
2021-08-25,2.995732273553991,15.474606130541712,10
2021-08-26,2.995732273553991,13.957768644109573,17
2021-08-27,2.995732273553991,13.823394820159319,12
2021-08-28,2.995732273553991,14.995318423391167,15
2021-08-29,2.995732273553991,16.31130687357311,12
2021-08-30,2.995732273553991,16.625607888010002,14
2021-08-31,2.995732273553991,16.289576325755434,17
2021-09-01,2.995732273553991,14.903299709844461,10
2021-09-02,2.995732273553991,13.89792388858062,18
2021-09-03,2.995732273553991,13.563266808586972,7
2021-09-04,2.995732273553991,14.383917815617542,23
2021-09-05,2.995732273553991,15.687998824284014,10
2021-09-06,2.995732273553991,16.265711340056768,9
2021-09-07,2.995732273553991,15.480576726958681,18
2021-09-08,2.995732273553991,14.185024619480364,16
2021-09-09,2.995732273553991,13.480672672228234,20
2021-09-10,2.995732273553991,13.350866607148532,11
2021-09-11,2.995732273553991,14.246793229723798,17
2021-09-12,2.995732273553991,15.696783069421302,24
2021-09-13,2.995732273553991,16.387369575452006,17
2021-09-14,2.995732273553991,15.718817786399578,13
2021-09-15,2.995732273553991,14.456093741857705,14
2021-09-16,2.995732273553991,13.536928438960285,11
2021-09-17,2.995732273553991,13.327399467712977,13
2021-09-18,2.995732273553991,14.34513298563173,9
2021-09-19,2.995732273553991,15.912522492761891,16
2021-09-20,2.995732273553991,16.432654050173326,15
2021-09-21,2.995732273553991,15.524379266070527,17
2021-09-22,2.995732273553991,14.55436665875198,18
2021-09-23,2.995732273553991,13.553175602726107,15
2021-09-24,2.995732273553991,13.622646479485953,6
2021-09-25,2.995732273553991,14.62655093527913,10
2021-09-26,2.995732273553991,15.927814517245555,19
2021-09-27,2.995732273553991,16.524627859935578,11
2021-09-28,2.995732273553991,16.110133929194753,11
2021-09-29,2.995732273553991,15.183661278181036,8
2021-09-30,2.995732273553991,14.203616200690057,19
2021-10-01,2.995732273553991,14.300485028535874,11
2021-10-02,2.995732273553991,15.561277641806575,12
2021-10-03,2.995732273553991,16.51567326789087,21
2021-10-04,2.995732273553991,17.14422001038684,17
2021-10-05,2.995732273553991,16.35836326176621,20
2021-10-06,2.995732273553991,14.572498813187524,10
2021-10-07,2.995732273553991,13.59013477307338,14
2021-10-08,2.995732273553991,13.663887763651863,11
2021-10-09,2.995732273553991,14.712092055682762,19
2021-10-10,2.995732273553991,15.66884741925894,16
2021-10-11,2.995732273553991,16.28496121455296,21
2021-10-12,2.995732273553991,15.62419451013204,17
2021-10-13,2.995732273553991,14.219970624305663,23
2021-10-14,2.995732273553991,13.161153481754983,14
2021-10-15,2.995732273553991,12.934088585139195,20
2021-10-16,2.995732273553991,13.948347888428126,16
2021-10-17,2.995732273553991,14.898706220779173,19
2021-10-18,2.995732273553991,15.060013907387471,14
2021-10-19,2.995732273553991,14.250478714069214,14
2021-10-20,2.995732273553991,12.755828513420393,11
2021-10-21,2.995732273553991,11.621104414849107,17
2021-10-22,2.995732273553991,11.85486434675593,14
2021-10-23,2.995732273553991,12.812837122907434,17
2021-10-24,2.995732273553991,14.095723904658813,9
2021-10-25,2.995732273553991,14.734405143611871,15
2021-10-26,2.995732273553991,14.191415062787659,15
2021-10-27,2.995732273553991,12.864486250038764,13
2021-10-28,2.995732273553991,12.175067317721048,15
2021-10-29,3.095732273553991,10.341558815322156,17
2021-10-30,3.095732273553991,11.16797982110576,12
2021-10-31,3.095732273553991,12.09051567291428,11
2021-11-01,3.095732273553991,12.342463883738379,11
2021-11-02,3.095732273553991,11.998476740982321,18
2021-11-03,3.095732273553991,11.11538650701585,12
2021-11-04,3.095732273553991,10.320772309074352,11
2021-11-05,3.095732273553991,10.50914913906471,15
2021-11-06,3.095732273553991,11.377721712630652,9
2021-11-07,3.095732273553991,12.336310949200923,16
2021-11-08,3.095732273553991,12.948489044734345,14
2021-11-09,3.095732273553991,12.415151248249968,13
2021-11-10,3.095732273553991,11.67058382717006,9
2021-11-11,3.095732273553991,10.990842217390032,7
2021-11-12,3.095732273553991,10.989161551296275,12
2021-11-13,3.095732273553991,12.181887713433266,13
2021-11-14,3.095732273553991,13.248798942060647,18
2021-11-15,3.095732273553991,13.771362285098393,13
2021-11-16,3.095732273553991,13.32249825873278,11
2021-11-17,3.095732273553991,12.276944368561367,13
2021-11-18,3.095732273553991,11.469860531554515,7
2021-11-19,3.095732273553991,11.64333058595891,6
2021-11-20,3.095732273553991,12.352373688682379,13
2021-11-21,3.095732273553991,13.41631884286531,16
2021-11-22,3.095732273553991,14.012676098796815,16
2021-11-23,3.095732273553991,13.315009058035312,13
2021-11-24,3.095732273553991,12.536718973801575,11
2021-11-25,3.095732273553991,12.035401459684726,12
2021-11-26,3.095732273553991,11.93794584743918,6
2021-11-27,3.095732273553991,12.819903199866197,11
2021-11-28,3.095732273553991,13.969492601689666,17
2021-11-29,3.095732273553991,14.68849792803483,12
2021-11-30,3.095732273553991,14.534402874303526,28
2021-12-01,3.095732273553991,13.426732800951514,16
2021-12-02,3.095732273553991,12.303978552511502,15
2021-12-03,3.095732273553991,12.655602404069448,14
2021-12-04,3.095732273553991,13.481110382234343,8
2021-12-05,3.095732273553991,14.594992941727172,13
2021-12-06,3.095732273553991,14.799634967169775,8
2021-12-07,3.095732273553991,14.460025971784749,12
2021-12-08,3.095732273553991,13.36099829332659,17
2021-12-09,3.095732273553991,12.429309584211477,7
2021-12-10,3.095732273553991,12.349536222127552,14
2021-12-11,3.095732273553991,13.354015871280609,14
2021-12-12,3.095732273553991,14.842223058606098,19
2021-12-13,3.095732273553991,15.637365737203735,12
2021-12-14,3.095732273553991,15.062728804258095,19
2021-12-15,3.095732273553991,13.711669867503646,17
2021-12-16,3.095732273553991,12.615166496867365,12
2021-12-17,3.095732273553991,12.761694321060844,7
2021-12-18,3.095732273553991,13.733975606412496,16
2021-12-19,3.095732273553991,15.028108077976928,14
2021-12-20,3.095732273553991,15.75140196188221,14
2021-12-21,3.095732273553991,14.87216719650799,20
2021-12-22,3.095732273553991,13.65701302770808,16
2021-12-23,3.095732273553991,12.877854988251377,12
2021-12-24,3.095732273553991,13.073458103483135,12
2021-12-25,3.095732273553991,13.782449541543693,12
2021-12-26,3.095732273553991,15.38381591268425,18
2021-12-27,3.095732273553991,16.13061072263108,11
2021-12-28,3.095732273553991,15.525305234478902,17
2021-12-29,3.095732273553991,14.391873737833448,8
2021-12-30,3.095732273553991,13.873481247162212,12
2021-12-31,3.095732273553991,14.051832852279777,17
2022-01-01,3.095732273553991,15.144166087988527,17
2022-01-02,3.095732273553991,16.196761185124267,20
2022-01-03,3.095732273553991,16.872576986899595,16
2022-01-04,3.095732273553991,16.22911405134078,22
2022-01-05,3.095732273553991,14.8012111955986,16
2022-01-06,3.095732273553991,14.373455633817152,17
2022-01-07,3.095732273553991,14.44759037180473,18
2022-01-08,3.095732273553991,15.586829260507638,14
2022-01-09,3.095732273553991,16.6756365724563,14
2022-01-10,3.095732273553991,17.72779594854663,18
2022-01-11,3.095732273553991,16.784269441331176,15
2022-01-12,3.095732273553991,15.560145859835714,10
2022-01-13,3.095732273553991,14.522018524728349,21
2022-01-14,3.095732273553991,14.54458540539049,14
2022-01-15,3.095732273553991,15.5229683855302,17
2022-01-16,3.095732273553991,16.83375509801609,11
2022-01-17,3.095732273553991,17.36234394729956,15
2022-01-18,3.095732273553991,17.015749066447157,19
2022-01-19,3.095732273553991,15.566676019103152,14
2022-01-20,3.095732273553991,14.429342676093546,15
2022-01-21,3.095732273553991,14.494984222480545,10
2022-01-22,3.095732273553991,15.752064297882171,21
2022-01-23,3.095732273553991,17.11726680630039,21
2022-01-24,3.095732273553991,17.393114964037075,20
2022-01-25,3.095732273553991,16.72235357396583,21
2022-01-26,3.095732273553991,15.601674781181702,25
2022-01-27,3.095732273553991,14.362113773351984,11
2022-01-28,3.095732273553991,14.911964639486165,17
2022-01-29,3.095732273553991,15.758205116798461,20
2022-01-30,3.095732273553991,17.316246806270513,21
2022-01-31,3.095732273553991,17.544004917755057,14
2022-02-01,3.095732273553991,16.994667452101382,14
2022-02-02,3.095732273553991,15.473607264154435,13
2022-02-03,3.095732273553991,14.49417666247512,11
2022-02-04,3.095732273553991,14.451907883639223,9
2022-02-05,3.095732273553991,15.582827691148136,21
2022-02-06,3.095732273553991,17.257379075392492,9
2022-02-07,3.095732273553991,17.451590134333397,18
2022-02-08,3.095732273553991,17.060191861073246,19
2022-02-09,3.095732273553991,15.731172389651121,24
2022-02-10,3.095732273553991,14.84157221145923,16
2022-02-11,3.095732273553991,14.694688788499617,13
2022-02-12,3.095732273553991,15.65160614799031,15
2022-02-13,3.095732273553991,16.546089732375645,11
2022-02-14,3.095732273553991,17.11470774279057,20
2022-02-15,3.095732273553991,16.607968651314728,12
2022-02-16,3.095732273553991,15.275017208102927,16
2022-02-17,3.095732273553991,14.172606503033734,16
2022-02-18,3.095732273553991,14.1513642514887,9
2022-02-19,3.095732273553991,15.19854096276674,17
2022-02-20,3.095732273553991,16.889973515052684,16
2022-02-21,3.095732273553991,17.70827120822116,15
2022-02-22,3.095732273553991,17.312154684479108,16
2022-02-23,3.095732273553991,15.713637638524494,19
2022-02-24,3.095732273553991,14.883652342150373,15
2022-02-25,3.095732273553991,15.454239375153273,20
2022-02-26,3.095732273553991,16.44854696525075,10
2022-02-27,3.095732273553991,17.997119231592585,20
2022-02-28,3.095732273553991,18.564481700755685,23
2022-03-01,3.095732273553991,18.260971848902482,17
2022-03-02,3.095732273553991,16.71504666616378,13
2022-03-03,3.095732273553991,15.80449373361388,10
2022-03-04,3.095732273553991,16.391522446069878,19
2022-03-05,3.095732273553991,18.015338521594963,20
2022-03-06,3.095732273553991,20.290165455585484,21
2022-03-07,3.095732273553991,21.50271325025962,24
2022-03-08,3.095732273553991,20.092209436585478,21
2022-03-09,3.095732273553991,18.68255247199901,14
2022-03-10,3.095732273553991,17.244620203302265,22
2022-03-11,3.095732273553991,17.61250098530319,20
2022-03-12,3.095732273553991,19.38631576953766,18
2022-03-13,3.095732273553991,21.479196047693055,27
2022-03-14,3.095732273553991,22.334360327616455,25
2022-03-15,3.095732273553991,21.68402841067568,31
2022-03-16,3.095732273553991,20.482352531249617,12
2022-03-17,3.095732273553991,19.497101931601296,19
2022-03-18,3.095732273553991,19.426969974253932,18
2022-03-19,3.095732273553991,20.629084061138737,18
2022-03-20,3.095732273553991,22.26442648451243,16
2022-03-21,3.095732273553991,23.626942430218588,27
2022-03-22,3.095732273553991,22.293561350272917,32
2022-03-23,3.095732273553991,20.33245758099595,15
2022-03-24,3.095732273553991,19.239245155698235,17
2022-03-25,3.095732273553991,19.49658449042891,23
2022-03-26,3.095732273553991,21.053768611051616,30
2022-03-27,3.095732273553991,22.90837802227676,19
2022-03-28,3.195732273553991,20.652470857125923,23
2022-03-29,3.195732273553991,20.350981951878552,24
2022-03-30,3.195732273553991,18.69026546594778,18
2022-03-31,3.195732273553991,17.736058204503546,12
2022-04-01,3.195732273553991,17.955520082706975,19
2022-04-02,3.195732273553991,19.299381964340558,19
2022-04-03,3.195732273553991,21.46468692957553,21
2022-04-04,3.195732273553991,21.745701664254398,10
2022-04-05,3.195732273553991,20.87869082595094,15
2022-04-06,3.195732273553991,18.701293085615415,18
2022-04-07,3.195732273553991,17.778742110665817,21
2022-04-08,3.195732273553991,17.983577218065925,10
2022-04-09,3.195732273553991,19.901123262931407,20
2022-04-10,3.195732273553991,21.82408100238595,25
2022-04-11,3.195732273553991,22.725873780919915,31
2022-04-12,3.195732273553991,22.25340582069146,23
2022-04-13,3.195732273553991,20.4821924487419,21
2022-04-14,3.195732273553991,18.934261050121805,19
2022-04-15,3.195732273553991,19.498301053854238,23
2022-04-16,3.195732273553991,21.055314910887397,20
2022-04-17,3.195732273553991,22.745871146096793,22
2022-04-18,3.195732273553991,24.040203932916405,25
2022-04-19,3.195732273553991,22.902300479245618,25
2022-04-20,3.195732273553991,21.24568002363129,15
2022-04-21,3.195732273553991,20.22399631561831,22
2022-04-22,3.195732273553991,20.754922406431447,16
2022-04-23,3.195732273553991,22.26792163271475,22
2022-04-24,3.195732273553991,24.20420122735598,25
2022-04-25,3.195732273553991,24.987505995014754,26
2022-04-26,3.195732273553991,24.11200326877528,18
2022-04-27,3.195732273553991,21.99513751584482,25
2022-04-28,3.195732273553991,20.32720575128864,15
2022-04-29,3.195732273553991,20.239608546952674,11
2022-04-30,3.195732273553991,21.854438363542062,28
2022-05-01,3.195732273553991,23.67944547284537,22
2022-05-02,3.195732273553991,24.34861483761381,24
2022-05-03,3.195732273553991,23.81021982278983,27
2022-05-04,3.195732273553991,22.585311882067526,25
2022-05-05,3.195732273553991,21.134330673683962,19
2022-05-06,3.195732273553991,20.660554759049276,25
2022-05-07,3.195732273553991,22.148218667997963,16
2022-05-08,3.195732273553991,24.603070316476177,24
2022-05-09,3.195732273553991,25.700655003401728,18
2022-05-10,3.195732273553991,24.971930741535743,28
2022-05-11,3.195732273553991,23.753329800182257,19
2022-05-12,3.195732273553991,22.05249393958928,28
2022-05-13,3.195732273553991,23.125240886398508,21
2022-05-14,3.195732273553991,24.791890505922208,31
2022-05-15,3.195732273553991,27.31502403115722,26
2022-05-16,3.195732273553991,28.76701211123603,30
2022-05-17,3.195732273553991,27.58230636769262,21
2022-05-18,3.195732273553991,25.27979488178047,21
2022-05-19,3.195732273553991,22.849871503934096,20
2022-05-20,3.195732273553991,22.77369849957511,22
2022-05-21,3.195732273553991,24.670390889187267,34
2022-05-22,3.195732273553991,26.46802979199275,21
2022-05-23,3.195732273553991,27.940273363853013,28
2022-05-24,3.195732273553991,27.84805966884231,28
2022-05-25,3.195732273553991,25.555751427091597,22
2022-05-26,3.195732273553991,24.5871773292202,22
2022-05-27,3.195732273553991,25.166851717524878,33
2022-05-28,3.195732273553991,27.188511745739515,33
2022-05-29,3.195732273553991,29.078680597823684,41
2022-05-30,3.195732273553991,29.862875344153547,32
2022-05-31,3.195732273553991,28.56117437572072,37
2022-06-01,3.195732273553991,26.17633072166007,28
2022-06-02,3.195732273553991,24.43654935206596,21
2022-06-03,3.195732273553991,24.237577179478272,22
2022-06-04,3.195732273553991,26.313235200916264,26
2022-06-05,3.195732273553991,28.15009513091182,38
2022-06-06,3.195732273553991,28.86422745269904,23
2022-06-07,3.195732273553991,28.206731496259376,27
2022-06-08,3.195732273553991,26.47744616640339,18
2022-06-09,3.195732273553991,25.07983937761896,29
2022-06-10,3.195732273553991,25.023049240661205,21
2022-06-11,3.195732273553991,26.88475239720084,33
2022-06-12,3.195732273553991,29.1550164100333,30
2022-06-13,3.195732273553991,30.820825135426787,28
2022-06-14,3.195732273553991,30.731944011964988,29
2022-06-15,3.195732273553991,28.52834731946409,31
2022-06-16,3.195732273553991,25.747664103760396,27
2022-06-17,3.195732273553991,26.171446971078755,20
2022-06-18,3.195732273553991,27.330557327415274,14
2022-06-19,3.195732273553991,29.531524764430323,32
2022-06-20,3.195732273553991,30.217437179284808,38
2022-06-21,3.195732273553991,28.455455829003107,25
2022-06-22,3.195732273553991,26.084973427564634,30
2022-06-23,3.195732273553991,24.644968452440644,23
2022-06-24,3.195732273553991,24.912076243938955,19
2022-06-25,3.195732273553991,26.90439193838315,32
2022-06-26,3.195732273553991,29.804047529222572,40
2022-06-27,3.195732273553991,30.328521991308236,39
2022-06-28,3.195732273553991,30.12059115299444,32
2022-06-29,3.195732273553991,27.461087338737975,26
2022-06-30,3.195732273553991,25.793373117009494,26
2022-07-01,3.195732273553991,25.818352947015757,18
2022-07-02,3.195732273553991,28.433526276896934,34
2022-07-03,3.195732273553991,31.07569282226987,35
2022-07-04,3.195732273553991,32.14018890093241,39
2022-07-05,3.195732273553991,31.451673085970835,31
2022-07-06,3.195732273553991,28.372698994219583,34
2022-07-07,3.195732273553991,26.577228170411594,30
2022-07-08,3.195732273553991,27.044335857198092,29
2022-07-09,3.195732273553991,29.815806509515156,35
2022-07-10,3.195732273553991,32.41986833821355,46
2022-07-11,3.195732273553991,33.79581800802383,23
2022-07-12,3.195732273553991,33.905342891586756,25
2022-07-13,3.195732273553991,31.542564248921426,27
2022-07-14,3.195732273553991,29.799197266898794,31
2022-07-15,3.195732273553991,29.967965452301232,24
2022-07-16,3.195732273553991,31.89971260728834,33
2022-07-17,3.195732273553991,33.842170817609905,38
2022-07-18,3.195732273553991,35.469786668912164,27
2022-07-19,3.195732273553991,34.158107341696564,27
2022-07-20,3.195732273553991,31.31705747523546,26
2022-07-21,3.195732273553991,29.46629017097127,41
2022-07-22,3.195732273553991,29.82208670507882,26
2022-07-23,3.195732273553991,32.18239980369131,39
2022-07-24,3.195732273553991,34.54449741304151,34
2022-07-25,3.195732273553991,36.12013304557282,41
2022-07-26,3.195732273553991,35.409758026006074,37
2022-07-27,3.195732273553991,32.69619423139035,35
2022-07-28,3.195732273553991,30.606706599907746,36
2022-07-29,3.195732273553991,30.69725832553459,29
2022-07-30,3.195732273553991,33.32874298955335,38
2022-07-31,3.195732273553991,36.28742281491859,35
2022-08-01,3.195732273553991,37.98724041613666,45
2022-08-02,3.195732273553991,36.59065493523683,33
2022-08-03,3.195732273553991,33.9881592073515,38
2022-08-04,3.195732273553991,31.71929701299633,33
2022-08-05,3.195732273553991,31.888220004345868,26
2022-08-06,3.195732273553991,35.01738268181941,36
2022-08-07,3.195732273553991,37.40419837528701,34
2022-08-08,3.195732273553991,38.838822545382044,49
2022-08-09,3.195732273553991,37.74536279269286,40
2022-08-10,3.195732273553991,35.084967054685876,34
2022-08-11,3.195732273553991,33.77736996288874,42
2022-08-12,3.195732273553991,34.03439667501908,31
2022-08-13,3.195732273553991,35.857578318952655,28
2022-08-14,3.195732273553991,38.06649365327592,34
2022-08-15,3.195732273553991,40.22638585191098,30
2022-08-16,3.195732273553991,37.93006149648202,38
2022-08-17,3.195732273553991,35.019221832944346,36
2022-08-18,3.195732273553991,32.754479065627706,40
2022-08-19,3.195732273553991,33.23427307411403,31
2022-08-20,3.195732273553991,35.40508140384648,47
2022-08-21,3.195732273553991,38.59740905858161,45
2022-08-22,3.195732273553991,39.59730037425164,32
2022-08-23,3.195732273553991,38.123399903153576,34
2022-08-24,3.195732273553991,35.08689026456395,30
2022-08-25,3.195732273553991,32.85781415536624,29
2022-08-26,3.195732273553991,32.4428161617708,37
2022-08-27,3.195732273553991,35.077523189251245,31
2022-08-28,3.195732273553991,37.48077180608194,44
2022-08-29,3.195732273553991,38.79329057483658,38
2022-08-30,3.195732273553991,38.245596441818776,42
2022-08-31,3.195732273553991,34.97764142571649,38
2022-09-01,3.195732273553991,32.620570078370285,32
2022-09-02,3.195732273553991,32.897566017156365,30
2022-09-03,3.195732273553991,34.589926376022504,44
2022-09-04,3.195732273553991,38.97377904113984,43
2022-09-05,3.195732273553991,40.65957046517988,47
2022-09-06,3.195732273553991,39.04513278269704,42
2022-09-07,3.195732273553991,35.943000350792964,27
2022-09-08,3.195732273553991,33.49508425911223,38
2022-09-09,3.195732273553991,33.13383473932051,23
2022-09-10,3.195732273553991,34.5784828607687,25
2022-09-11,3.195732273553991,37.16505493989838,41
2022-09-12,3.195732273553991,38.074115344135784,37
2022-09-13,3.195732273553991,36.73712219068762,30
2022-09-14,3.195732273553991,34.265573382555665,38
2022-09-15,3.195732273553991,31.631380937569567,30
2022-09-16,3.195732273553991,31.89770927463668,44
2022-09-17,3.195732273553991,34.516023605645806,42
2022-09-18,3.195732273553991,37.3544903516462,38
2022-09-19,3.195732273553991,38.99456049232433,30
2022-09-20,3.195732273553991,37.27806862599806,44
2022-09-21,3.195732273553991,34.88836554232943,35
2022-09-22,3.195732273553991,31.83953357050793,33
2022-09-23,3.195732273553991,32.675095709323344,31
2022-09-24,3.195732273553991,33.89631422312633,40
2022-09-25,3.195732273553991,36.8809077408942,30
2022-09-26,3.195732273553991,37.78130542668531,35
2022-09-27,3.195732273553991,36.01218116649984,30
2022-09-28,3.195732273553991,32.78795931910646,32
2022-09-29,3.195732273553991,30.293808060127205,33
2022-09-30,3.195732273553991,30.268602983570748,27
2022-10-01,3.195732273553991,32.47557728577518,31
2022-10-02,3.195732273553991,36.01483236126379,35
2022-10-03,3.195732273553991,37.43482582260116,33
2022-10-04,3.195732273553991,35.68285160713203,36
2022-10-05,3.195732273553991,32.65917298295371,42
2022-10-06,3.195732273553991,30.01097961960466,19
2022-10-07,3.195732273553991,29.563007346118347,21
2022-10-08,3.195732273553991,31.530003241429085,23
2022-10-09,3.195732273553991,34.73211288500471,36
2022-10-10,3.195732273553991,35.71696647290577,41
2022-10-11,3.195732273553991,34.578865258524665,40
2022-10-12,3.195732273553991,31.726458456711715,38
2022-10-13,3.195732273553991,29.95241877347888,27
2022-10-14,3.0457322735539907,37.34791436840093,35
2022-10-15,3.0457322735539907,41.02689890721964,47
2022-10-16,3.0457322735539907,43.9625839708235,39
2022-10-17,3.0457322735539907,45.20219129342509,45
2022-10-18,3.0457322735539907,43.7863636565813,49
2022-10-19,3.0457322735539907,40.07898287113219,42
2022-10-20,3.0457322735539907,36.64771580321133,38
2022-10-21,3.0457322735539907,35.9192491892919,35
2022-10-22,3.0457322735539907,38.644845811575216,36
2022-10-23,3.0457322735539907,42.13212718872533,53
2022-10-24,3.0457322735539907,43.35533124465184,42
2022-10-25,3.0457322735539907,41.98974241068884,44
2022-10-26,3.0457322735539907,37.44602940160182,39
2022-10-27,3.0457322735539907,34.69985515371428,30
2022-10-28,3.0457322735539907,35.21008157905514,30
2022-10-29,3.0457322735539907,38.69236292188142,32
2022-10-30,3.0457322735539907,42.39940527965941,42
2022-10-31,3.0457322735539907,43.51337695620691,40
2022-11-01,3.0457322735539907,42.532877739426226,49
2022-11-02,3.0457322735539907,39.05550293687919,28
2022-11-03,3.0457322735539907,37.1627868630485,53
2022-11-04,3.0457322735539907,37.744695481954814,43
2022-11-05,3.0457322735539907,41.380327140520954,43
2022-11-06,3.0457322735539907,43.28052135822106,39
2022-11-07,3.0457322735539907,44.170709598877785,42
2022-11-08,3.0457322735539907,42.36455561754695,39
2022-11-09,3.0457322735539907,39.49627239784542,34
2022-11-10,3.0457322735539907,36.55851313091054,41
2022-11-11,3.0457322735539907,36.649350147395026,46
2022-11-12,3.0457322735539907,39.13383985623434,35
2022-11-13,3.0457322735539907,42.51007778274903,34
2022-11-14,3.0457322735539907,42.75952289844885,50
2022-11-15,3.0457322735539907,41.30718705274693,42
2022-11-16,3.0457322735539907,38.32633292802521,40
2022-11-17,3.0457322735539907,35.900102431857704,34
2022-11-18,3.0457322735539907,35.71150608377138,41
2022-11-19,3.0457322735539907,38.828660917684786,46
2022-11-20,3.0457322735539907,43.015907484139674,32
2022-11-21,3.0457322735539907,45.586017280369184,58
2022-11-22,3.0457322735539907,43.87472198683762,51
2022-11-23,3.0457322735539907,38.993975705651756,45
2022-11-24,3.0457322735539907,35.965439026294895,41
2022-11-25,3.0457322735539907,35.32750500334404,28
2022-11-26,3.0457322735539907,38.024712023395644,33
2022-11-27,3.0457322735539907,41.8524734992251,42
2022-11-28,3.0457322735539907,43.691502506650686,34
2022-11-29,3.0457322735539907,41.92977842664526,46
2022-11-30,3.0457322735539907,38.504987959265236,40
2022-12-01,3.0457322735539907,36.035012183708126,32
2022-12-02,3.0457322735539907,35.61224696276008,32
2022-12-03,3.0457322735539907,38.31765779097947,33
2022-12-04,3.0457322735539907,41.9564517952183,37
2022-12-05,3.0457322735539907,42.9118522457538,53
2022-12-06,3.0457322735539907,42.243159675401365,37
2022-12-07,3.0457322735539907,39.1517933779951,48
2022-12-08,3.0457322735539907,35.96271077260493,51
2022-12-09,3.0457322735539907,35.66520745625336,40
2022-12-10,3.0457322735539907,37.979653285395585,41
2022-12-11,3.0457322735539907,40.727198920170785,40
2022-12-12,3.0457322735539907,42.037874422576785,49
2022-12-13,3.0457322735539907,39.67318848103236,35
2022-12-14,3.0457322735539907,36.044105258838954,20
2022-12-15,3.0457322735539907,32.87975923690067,29
2022-12-16,3.0457322735539907,32.595750272781764,29
2022-12-17,3.0457322735539907,35.231682617411316,32
2022-12-18,3.0457322735539907,37.48766559325267,35
2022-12-19,3.0457322735539907,39.27908205812306,34
2022-12-20,3.0457322735539907,37.35674210026766,23
2022-12-21,3.0457322735539907,34.28096626621214,38
2022-12-22,3.0457322735539907,31.599801708563216,29
2022-12-23,3.0457322735539907,31.47285633172561,42
2022-12-24,3.0457322735539907,34.70398022804026,39
2022-12-25,3.0457322735539907,36.970459076830856,43
2022-12-26,3.0457322735539907,38.662859381064855,42
2022-12-27,3.0457322735539907,37.18128087429322,43
2022-12-28,3.0457322735539907,34.69443917821474,31
2022-12-29,3.0457322735539907,31.70007811626324,32
2022-12-30,3.0457322735539907,31.669823439477717,33
2022-12-31,3.0457322735539907,34.7978824334987,31
2023-01-01,3.0457322735539907,38.857120091574444,34
2023-01-02,3.0457322735539907,40.60908629711955,42
2023-01-03,3.0457322735539907,39.39054899174952,43
2023-01-04,3.0457322735539907,36.186533761523144,42
2023-01-05,3.0457322735539907,35.18144263983462,25
2023-01-06,3.0457322735539907,34.87964150794556,31
2023-01-07,3.0457322735539907,37.527933569488965,29
2023-01-08,3.0457322735539907,40.2648665462802,46
2023-01-09,3.0457322735539907,42.35044096587291,39
2023-01-10,3.0457322735539907,40.98988479458095,39
2023-01-11,3.0457322735539907,38.713965327428625,38
2023-01-12,3.0457322735539907,35.86974127917566,40
2023-01-13,3.0457322735539907,35.18093257290005,26
2023-01-14,3.0457322735539907,39.24180635458778,34
2023-01-15,3.0457322735539907,42.502867797417274,47
2023-01-16,3.0457322735539907,44.23393624796386,43
2023-01-17,3.0457322735539907,42.22963140048337,52
2023-01-18,3.0457322735539907,39.798451876903016,50
2023-01-19,3.0457322735539907,36.987072737534916,37
2023-01-20,3.0457322735539907,37.18693343211413,47
2023-01-21,3.0457322735539907,40.34660908959736,45
2023-01-22,3.0457322735539907,43.25512871564732,35
2023-01-23,3.0457322735539907,44.993587796596564,46
2023-01-24,3.0457322735539907,43.1164547537287,49
2023-01-25,3.0457322735539907,39.90626978308925,38
2023-01-26,3.0457322735539907,36.802562699385824,31
2023-01-27,3.0457322735539907,38.64757421727136,34
2023-01-28,3.0457322735539907,40.90615572867174,42
2023-01-29,3.0457322735539907,45.89414775512006,41
2023-01-30,3.0457322735539907,46.841805032784706,38
2023-01-31,3.0457322735539907,44.82886970140762,46
2023-02-01,3.0457322735539907,40.68782464590824,33
2023-02-02,3.0457322735539907,36.87316213564871,42
2023-02-03,3.0457322735539907,36.957878460144165,25
2023-02-04,3.0457322735539907,39.44176921638596,52
2023-02-05,3.0457322735539907,43.53521987468589,38
2023-02-06,3.0457322735539907,45.297776911602796,45
2023-02-07,3.0457322735539907,42.59832560339773,44
2023-02-08,3.0457322735539907,39.074939666630286,32
2023-02-09,3.0457322735539907,37.193989044825,33
2023-02-10,3.0457322735539907,37.74303222998185,43
2023-02-11,3.0457322735539907,40.64726127227127,35
2023-02-12,3.0457322735539907,43.96016576309123,42
2023-02-13,3.0457322735539907,45.33767790409121,47
2023-02-14,3.0457322735539907,43.8203334573669,38
2023-02-15,3.0457322735539907,41.02262977598749,37
2023-02-16,3.0457322735539907,37.66825079682175,25
2023-02-17,3.0457322735539907,38.02097955594536,39
2023-02-18,3.0457322735539907,41.49308850644329,46
2023-02-19,3.0457322735539907,45.41851408213177,32
2023-02-20,3.0457322735539907,46.39658867239237,45
2023-02-21,3.0457322735539907,44.912216207134364,52
2023-02-22,3.0457322735539907,42.08136324921395,44
2023-02-23,3.0457322735539907,38.34001731699921,38
2023-02-24,3.0457322735539907,39.33981980448531,37
2023-02-25,3.0457322735539907,42.18590278860179,38
2023-02-26,3.0457322735539907,45.10980181835942,41
2023-02-27,3.0457322735539907,47.50719856565181,44
2023-02-28,3.0457322735539907,45.71991494136518,53
2023-03-01,3.0457322735539907,41.60498199207006,36
2023-03-02,3.0457322735539907,38.97740010930094,41
2023-03-03,3.0457322735539907,39.827109714733034,38
2023-03-04,3.0457322735539907,43.27265602625054,41
2023-03-05,3.0457322735539907,47.88742524600012,56
2023-03-06,3.0457322735539907,50.08913864351524,59
2023-03-07,3.0457322735539907,48.045278243132856,55
2023-03-08,3.0457322735539907,44.86356999280211,45
2023-03-09,3.0457322735539907,41.95635615871384,46
2023-03-10,3.0457322735539907,41.857418962348206,29
2023-03-11,3.0457322735539907,45.13732656714399,50
2023-03-12,3.0457322735539907,49.48916949960973,45
2023-03-13,3.0457322735539907,52.39547957036849,50
2023-03-14,3.0457322735539907,50.804151323988705,41
2023-03-15,3.0457322735539907,46.94549518567429,43
2023-03-16,3.0457322735539907,42.892511170014984,47
2023-03-17,3.0457322735539907,41.77191897783128,49
2023-03-18,3.0457322735539907,43.9387705040217,48
2023-03-19,3.0457322735539907,47.547593924884794,52
2023-03-20,3.0457322735539907,49.8408857147155,56
2023-03-21,3.0457322735539907,47.38183046497631,44
2023-03-22,3.0457322735539907,45.73159687939497,46
2023-03-23,3.0457322735539907,42.621864575574975,39
2023-03-24,3.0457322735539907,43.53895172664972,37
2023-03-25,3.0457322735539907,47.921990492044806,39
2023-03-26,3.0457322735539907,51.460603406927554,53
2023-03-27,3.0457322735539907,53.4842429717214,44
2023-03-28,3.0457322735539907,52.730043669651906,51
2023-03-29,3.0457322735539907,48.20040188033778,56
2023-03-30,3.0457322735539907,45.24780123460059,41
2023-03-31,3.0457322735539907,45.802458590951005,42
2023-04-01,3.0457322735539907,49.489501089841376,41
2023-04-02,3.0457322735539907,53.63474326562659,59
2023-04-03,3.0457322735539907,57.54861775553944,74
2023-04-04,3.0457322735539907,55.28954761186672,64
2023-04-05,3.0457322735539907,51.844959596787476,51
2023-04-06,3.0457322735539907,47.608181280082285,51
2023-04-07,3.0457322735539907,46.2733271251326,39
2023-04-08,3.0457322735539907,49.61988807129821,53
2023-04-09,3.0457322735539907,53.69127885573617,65
2023-04-10,3.0457322735539907,54.67192158145953,58
2023-04-11,3.0457322735539907,52.86022247507736,55
2023-04-12,3.0457322735539907,49.250221755561796,51
2023-04-13,3.0457322735539907,45.560473858150054,49
2023-04-14,3.0457322735539907,47.48958182734221,49
2023-04-15,3.0457322735539907,51.78810789938867,52
2023-04-16,3.0457322735539907,56.337215695674836,58
2023-04-17,3.0457322735539907,61.2294328615601,67
2023-04-18,3.0457322735539907,58.07136740185443,59
2023-04-19,3.0457322735539907,55.017644677734545,57
2023-04-20,3.0457322735539907,50.421869206354955,61
2023-04-21,3.0457322735539907,50.30562216479173,48
2023-04-22,3.0457322735539907,53.682125402424994,43
2023-04-23,3.0457322735539907,59.55097859682801,53
2023-04-24,3.0457322735539907,60.204076843812615,57
2023-04-25,3.0457322735539907,59.12647549292529,50
2023-04-26,3.0457322735539907,56.03148081067158,56
2023-04-27,3.0457322735539907,52.854935532770476,47
2023-04-28,3.0457322735539907,53.381780271743374,46
2023-04-29,3.0457322735539907,57.478122123876496,69
2023-04-30,3.0457322735539907,60.996324203915556,54
2023-05-01,3.0457322735539907,64.38628344814802,66
2023-05-02,3.0457322735539907,63.01078120031742,44
2023-05-03,3.0457322735539907,57.91338806485194,55
2023-05-04,3.0457322735539907,52.96027563114487,49
2023-05-05,3.0457322735539907,53.42280016081946,53
2023-05-06,3.0457322735539907,58.06372132794593,53
2023-05-07,3.0457322735539907,63.61464515574333,69
2023-05-08,3.0457322735539907,65.99497164798146,63
2023-05-09,3.0457322735539907,65.31773709618075,59
2023-05-10,3.0457322735539907,59.06361710365057,66
2023-05-11,3.0457322735539907,54.65562537709445,58
2023-05-12,3.0457322735539907,55.64175172306177,64
2023-05-13,3.0457322735539907,60.03832956565613,68
2023-05-14,3.0457322735539907,66.88811391046207,74
2023-05-15,3.0457322735539907,72.79446680406252,66
2023-05-16,3.0457322735539907,71.37261443297957,76
2023-05-17,3.0457322735539907,67.3469428505505,66
2023-05-18,3.0457322735539907,64.03398464667276,69
2023-05-19,3.0457322735539907,63.271128102303514,71
2023-05-20,3.0457322735539907,68.00179063158065,53
2023-05-21,3.0457322735539907,75.96290303634808,71
2023-05-22,3.0457322735539907,76.81400025660557,109
2023-05-23,3.0457322735539907,75.97380642300598,77
2023-05-24,3.0457322735539907,70.51121370929272,56
2023-05-25,3.0457322735539907,63.64861647188647,75
2023-05-26,3.0457322735539907,64.60311067301537,89
2023-05-27,3.0457322735539907,70.792570031971,84
2023-05-28,3.0457322735539907,75.48532912899282,65
2023-05-29,3.0457322735539907,76.80287374720452,70
2023-05-30,3.0457322735539907,75.32546626985962,86
2023-05-31,3.0457322735539907,69.95679316644247,69
2023-06-01,3.0457322735539907,65.26119545480717,70
2023-06-02,3.0457322735539907,66.091059597545,58
2023-06-03,3.0457322735539907,73.1827672528824,77
2023-06-04,3.0457322735539907,78.66516468183944,71
2023-06-05,3.0457322735539907,81.62710040977093,76
2023-06-06,3.0457322735539907,78.20720507300967,81
2023-06-07,3.0457322735539907,70.37813772144115,72
2023-06-08,3.0457322735539907,64.41469096490442,63
2023-06-09,3.0457322735539907,63.979661899009876,86
2023-06-10,3.0457322735539907,67.7348008280275,61
2023-06-11,3.0457322735539907,73.69001340136755,78
2023-06-12,3.0457322735539907,77.19215151313585,92
2023-06-13,3.0457322735539907,74.0925249214798,77
2023-06-14,3.0457322735539907,70.1546299687413,70
2023-06-15,3.0457322735539907,64.13950849619769,59
2023-06-16,3.0457322735539907,64.46333226912476,66
2023-06-17,3.0457322735539907,70.67050924966267,80
2023-06-18,3.0457322735539907,78.7193409186118,89
2023-06-19,3.0457322735539907,82.24462197262429,64
2023-06-20,3.0457322735539907,79.70451045328363,85
2023-06-21,3.1457322735539908,63.16056388440909,62
2023-06-22,3.1457322735539908,60.08640767588309,50
2023-06-23,3.1457322735539908,61.114872319656946,56
2023-06-24,3.1457322735539908,64.90900273179301,70
2023-06-25,3.1457322735539908,70.47558969686132,71
2023-06-26,3.1457322735539908,75.21049213505762,63
2023-06-27,3.1457322735539908,73.40208205383745,74
2023-06-28,3.1457322735539908,67.18131746920143,53
2023-06-29,3.1457322735539908,62.48784926745797,65
2023-06-30,3.1457322735539908,62.90055192967545,58
2023-07-01,3.1457322735539908,67.75829591807519,56
2023-07-02,3.1457322735539908,73.17196038093637,80
2023-07-03,3.1457322735539908,75.40736623796539,75
2023-07-04,3.1457322735539908,74.81855754742548,83
2023-07-05,3.1457322735539908,69.126073446903,72
2023-07-06,3.1457322735539908,65.88933051984381,71
2023-07-07,3.1457322735539908,65.89280394641602,66
2023-07-08,3.1457322735539908,69.60920757688974,74
2023-07-09,3.1457322735539908,77.0925079731564,84
2023-07-10,3.1457322735539908,78.79467854209341,83
2023-07-11,3.1457322735539908,74.4354892283498,78
2023-07-12,3.1457322735539908,68.86660184303796,58
2023-07-13,3.1457322735539908,63.17909160248873,52
2023-07-14,3.1457322735539908,63.32641030485426,54
2023-07-15,3.1457322735539908,67.65783293900738,79
2023-07-16,3.1457322735539908,73.27753999513982,78
2023-07-17,3.1457322735539908,75.43064296425806,55
2023-07-18,3.1457322735539908,74.63383881260062,72
2023-07-19,3.1457322735539908,68.54265822014007,70
2023-07-20,3.1457322735539908,64.0597552624525,51
2023-07-21,3.1457322735539908,63.53785146069605,80
2023-07-22,3.1457322735539908,68.13673853622113,63
2023-07-23,3.1457322735539908,75.52961823291231,63
2023-07-24,3.1457322735539908,80.3535189386831,83
2023-07-25,3.1457322735539908,77.22200449456399,86
2023-07-26,3.1457322735539908,70.46135115488761,66
2023-07-27,3.1457322735539908,64.64365306239667,63
2023-07-28,3.1457322735539908,64.49883760035839,59
2023-07-29,3.1457322735539908,68.20389468855643,69
2023-07-30,3.1457322735539908,73.5262919588168,72
2023-07-31,3.1457322735539908,75.35764936273814,85
2023-08-01,3.1457322735539908,73.3216356836266,77
2023-08-02,3.1457322735539908,68.64081128677313,60
2023-08-03,3.1457322735539908,61.145706154768035,50
2023-08-04,3.1457322735539908,63.61941742369937,56
2023-08-05,3.1457322735539908,68.73520919269959,69
2023-08-06,3.1457322735539908,75.43414116201122,68
2023-08-07,3.1457322735539908,77.25772272578999,79
2023-08-08,3.1457322735539908,74.36457646973432,70
2023-08-09,3.1457322735539908,68.31831930903726,73
2023-08-10,3.1457322735539908,64.11828419782978,71
2023-08-11,3.1457322735539908,65.07514244146661,65
2023-08-12,3.1457322735539908,68.5182902882492,76
2023-08-13,3.1457322735539908,73.97945783215484,74
2023-08-14,3.1457322735539908,75.21729315122144,83
2023-08-15,3.1457322735539908,72.71861843881626,74
2023-08-16,3.1457322735539908,65.86613676225336,62
2023-08-17,3.1457322735539908,61.07334488800594,51
2023-08-18,3.1457322735539908,61.503413974369636,60
2023-08-19,3.1457322735539908,65.28188007276215,64
2023-08-20,3.1457322735539908,71.15302890491029,68
2023-08-21,3.1457322735539908,74.45391067854526,83
2023-08-22,3.1457322735539908,72.91551818422806,73
2023-08-23,3.1457322735539908,68.45616215323356,61
2023-08-24,3.1457322735539908,63.72235181253383,53
2023-08-25,3.1457322735539908,62.033510009950234,77
2023-08-26,3.1457322735539908,66.54144214985342,53
2023-08-27,3.1457322735539908,72.7583142380486,76
2023-08-28,3.1457322735539908,77.28407564753374,80
2023-08-29,3.1457322735539908,73.81947387747789,81
2023-08-30,3.1457322735539908,69.55641630096179,63
2023-08-31,3.1457322735539908,64.72349667908983,67
2023-09-01,3.1457322735539908,65.06466869259714,59
2023-09-02,3.1457322735539908,68.72231386218267,72
2023-09-03,3.1457322735539908,75.60104128279364,73
2023-09-04,3.1457322735539908,77.80493935769552,80
2023-09-05,3.1457322735539908,74.47912884374766,77
2023-09-06,3.1457322735539908,68.93825260780233,67
2023-09-07,3.1457322735539908,64.22760460979447,58
2023-09-08,3.1457322735539908,65.05919050599957,67
2023-09-09,3.1457322735539908,69.96004538596632,60
2023-09-10,3.1457322735539908,78.07960009799844,73
2023-09-11,3.1457322735539908,83.47326502760978,85
2023-09-12,3.1457322735539908,81.01034190816368,92
2023-09-13,3.1457322735539908,73.84963426135413,68
2023-09-14,3.1457322735539908,70.31098513505319,73
2023-09-15,3.1457322735539908,69.85815783851636,64
2023-09-16,3.1457322735539908,75.23122933213453,76
2023-09-17,3.1457322735539908,83.89564036147728,80
2023-09-18,3.1457322735539908,87.00317142726205,105
2023-09-19,3.1457322735539908,83.94267657270714,101
2023-09-20,3.1457322735539908,74.10280519576284,77
2023-09-21,3.1457322735539908,68.55737807758625,68
2023-09-22,3.1457322735539908,67.99826452234386,65
2023-09-23,3.1457322735539908,72.93873368561435,75
2023-09-24,3.1457322735539908,80.65630081683949,80
2023-09-25,3.1457322735539908,82.58871838020067,82
2023-09-26,3.1457322735539908,80.64412390976698,90
2023-09-27,3.1457322735539908,72.90380271705875,66
2023-09-28,3.1457322735539908,67.60557422592454,78
2023-09-29,3.1457322735539908,67.91500297499631,63
2023-09-30,3.1457322735539908,74.12174034306581,74
2023-10-01,3.1457322735539908,80.56761336326042,69
2023-10-02,3.1457322735539908,82.00029201081529,69
2023-10-03,3.1457322735539908,77.6456986165044,78
2023-10-04,3.1457322735539908,72.03098187968038,61
2023-10-05,3.1457322735539908,66.41997865599858,87
2023-10-06,3.1457322735539908,65.89316390411133,78
2023-10-07,3.1457322735539908,71.15495589684983,82
2023-10-08,3.1457322735539908,74.01416043051748,81
2023-10-09,3.1457322735539908,78.61381131619169,84
2023-10-10,3.1457322735539908,74.6340836670088,69
2023-10-11,3.1457322735539908,67.00195096022826,63
2023-10-12,3.1457322735539908,62.03105910311788,52
2023-10-13,3.1457322735539908,61.390750204160724,73
2023-10-14,3.1457322735539908,64.68897488278722,71
2023-10-15,3.1457322735539908,69.27391630893933,66
2023-10-16,3.1457322735539908,69.60614339855928,63
2023-10-17,3.1457322735539908,67.98023409610933,60
2023-10-18,3.1457322735539908,63.504082755397114,58
2023-10-19,3.1457322735539908,59.29337945913706,65
2023-10-20,3.1457322735539908,61.19153123349416,59
2023-10-21,3.1457322735539908,64.1878731068071,55
2023-10-22,3.1457322735539908,69.69608289614045,62
2023-10-23,3.1457322735539908,71.94269107768083,76
2023-10-24,3.1457322735539908,68.34176374609586,73
2023-10-25,3.1457322735539908,62.140956952259096,55
2023-10-26,3.1457322735539908,56.914236135870105,63
2023-10-27,3.1457322735539908,57.36904615315472,56
2023-10-28,3.1457322735539908,60.446662470134235,70
2023-10-29,3.1457322735539908,63.76031321668248,64
2023-10-30,3.1457322735539908,66.20609265467132,75
2023-10-31,3.1457322735539908,64.1867277863094,65
2023-11-01,3.1457322735539908,58.71538688392145,57
2023-11-02,3.1457322735539908,54.445763263041975,58
2023-11-03,3.1457322735539908,54.201633181008745,58
2023-11-04,3.1457322735539908,58.639233800133084,63
2023-11-05,3.1457322735539908,63.56030615198148,54
2023-11-06,3.1457322735539908,66.07641252933867,79
2023-11-07,3.1457322735539908,62.90748547786696,57
2023-11-08,3.1457322735539908,58.118731478724946,61
2023-11-09,3.1457322735539908,52.810652645683255,62
2023-11-10,3.1457322735539908,53.248695105538204,43
2023-11-11,3.1457322735539908,56.32499267375032,57
2023-11-12,3.1457322735539908,61.42478586490028,53
2023-11-13,3.1457322735539908,63.4984112373482,57
2023-11-14,3.1457322735539908,61.075863632935324,76
2023-11-15,3.1457322735539908,57.93863436884542,58
2023-11-16,3.1457322735539908,55.125068698122,52
2023-11-17,3.1457322735539908,52.759073769172886,63
2023-11-18,3.1457322735539908,55.353986494956715,63
2023-11-19,3.1457322735539908,59.022012261476846,69
2023-11-20,3.1457322735539908,63.03585587794105,62
2023-11-21,3.1457322735539908,59.99364165105428,58
2023-11-22,3.1457322735539908,56.601818294721944,62
2023-11-23,3.1457322735539908,53.04221351730593,50
2023-11-24,3.1457322735539908,52.851930459162915,52
2023-11-25,3.1457322735539908,57.76050829493481,58
2023-11-26,3.1457322735539908,63.09473513225847,64
2023-11-27,3.1457322735539908,65.38676138369145,75
2023-11-28,3.1457322735539908,63.049596308580504,60
2023-11-29,3.1457322735539908,57.93801850522834,63
2023-11-30,3.1457322735539908,53.32400434616898,50
2023-12-01,3.1457322735539908,52.44436296817887,58
2023-12-02,3.1457322735539908,55.848042118702594,56
2023-12-03,3.1457322735539908,61.3808113712104,49
2023-12-04,3.1457322735539908,62.565333759592534,64
2023-12-05,3.1457322735539908,59.69591019230906,77
2023-12-06,3.1457322735539908,54.374310552668305,61
2023-12-07,3.1457322735539908,51.2532620793789,51
2023-12-08,3.1457322735539908,50.51438297961208,45
2023-12-09,3.1457322735539908,54.88350422907803,51
2023-12-10,3.1457322735539908,59.515151550286944,66
2023-12-11,3.1457322735539908,62.203427408376925,74
2023-12-12,3.1457322735539908,61.06306210663176,63
2023-12-13,3.1457322735539908,55.895324093436194,76
2023-12-14,3.1457322735539908,52.10722507368657,63
2023-12-15,3.1457322735539908,51.72227843088175,63
2023-12-16,3.1457322735539908,55.936466626270466,58
2023-12-17,3.1457322735539908,62.02497690121187,73
2023-12-18,3.1457322735539908,66.9461462110718,78
2023-12-19,3.1457322735539908,64.05589437997938,69
2023-12-20,3.1457322735539908,59.136104170971066,60
2023-12-21,3.1457322735539908,55.9723063269375,54
2023-12-22,3.1457322735539908,55.74759879276312,57
2023-12-23,3.1457322735539908,59.135851566966075,57
2023-12-24,3.1457322735539908,63.75430017509166,57
2023-12-25,3.1457322735539908,65.31836234957929,58
2023-12-26,3.1457322735539908,62.87603072120158,59
2023-12-27,3.1457322735539908,59.3108859723477,67
2023-12-28,3.1457322735539908,54.8390645295267,50
2023-12-29,3.1457322735539908,54.969291187404586,62
2023-12-30,3.1457322735539908,58.159625049915675,47
2023-12-31,3.1457322735539908,63.50916283552092,63
2024-01-01,3.1457322735539908,65.82055901023696,58
2024-01-02,3.1457322735539908,64.27280414097687,62
2024-01-03,3.1457322735539908,59.9486449738133,63
2024-01-04,3.1457322735539908,55.0504822575641,52
2024-01-05,3.1457322735539908,55.19775308197669,49
2024-01-06,3.1457322735539908,58.91632524218927,53
2024-01-07,3.1457322735539908,63.7859871920317,71
2024-01-08,3.1457322735539908,67.0393977372626,74
2024-01-09,3.1457322735539908,64.63648237364755,64
2024-01-10,3.1457322735539908,59.30474008771045,45
2024-01-11,3.1457322735539908,55.43770495818125,66
2024-01-12,3.1457322735539908,56.35572611296807,64
2024-01-13,3.1457322735539908,61.27597389240949,50
2024-01-14,3.1457322735539908,67.05932553946788,61
2024-01-15,3.1457322735539908,71.27861636772238,87
2024-01-16,3.1457322735539908,66.79622957449799,60
2024-01-17,3.1457322735539908,61.81378163610343,47
2024-01-18,3.1457322735539908,56.323532175627356,50
2024-01-19,3.1457322735539908,56.48963357280227,45
2024-01-20,3.1457322735539908,60.50841623638955,57
2024-01-21,3.1457322735539908,67.64503229072858,67
2024-01-22,3.1457322735539908,70.05567720346454,73
2024-01-23,3.1457322735539908,69.21015673091645,64
2024-01-24,3.1457322735539908,64.40456384792287,71
2024-01-25,3.1457322735539908,60.995960972650494,65
2024-01-26,3.1457322735539908,61.848962349257334,70
2024-01-27,3.1457322735539908,67.22740921889384,69
2024-01-28,3.1457322735539908,72.28355548227074,85
2024-01-29,3.1457322735539908,75.23189602637358,87
2024-01-30,3.1457322735539908,72.81344646786168,73
2024-01-31,3.1457322735539908,68.41607877544278,85
2024-02-01,3.1457322735539908,64.0174855633182,63
2024-02-02,3.1457322735539908,64.25855246321824,76
2024-02-03,3.1457322735539908,70.00372968725364,67
2024-02-04,3.1457322735539908,76.37400755548435,83
2024-02-05,3.1457322735539908,80.96302933922055,81
2024-02-06,3.1457322735539908,80.68389676383458,85
2024-02-07,3.1457322735539908,74.95564491065981,73
2024-02-08,3.1457322735539908,69.90872321679707,71
2024-02-09,3.1457322735539908,69.83435780952476,65
2024-02-10,3.1457322735539908,74.43718118505522,69
2024-02-11,3.1457322735539908,80.20254784927522,77
2024-02-12,3.1457322735539908,82.75895808649648,74
2024-02-13,3.1457322735539908,79.52059494710132,76
2024-02-14,3.1457322735539908,73.46753266991213,74
2024-02-15,3.1457322735539908,67.60932567758069,79
2024-02-16,3.1457322735539908,67.18936618081581,61
2024-02-17,3.1457322735539908,72.73181761779034,67
2024-02-18,3.1457322735539908,75.88716425924125,69
2024-02-19,3.1457322735539908,79.02632804671063,77
2024-02-20,3.1457322735539908,76.93071564004805,81
2024-02-21,3.1457322735539908,70.85348196345139,72
2024-02-22,3.1457322735539908,65.73611191262357,46
2024-02-23,3.1457322735539908,65.56202123381358,67
2024-02-24,3.1457322735539908,72.97012002592433,74
2024-02-25,3.1457322735539908,80.4463803385101,89
2024-02-26,3.245732273553991,74.33306878193478,72
2024-02-27,3.245732273553991,71.54155350948314,72
2024-02-28,3.245732273553991,66.57371681585808,60
2024-02-29,3.245732273553991,63.460618499526106,64
2024-03-01,3.245732273553991,62.70358626762533,49
2024-03-02,3.245732273553991,67.54995507262358,60
2024-03-03,3.245732273553991,73.71596576710746,70
2024-03-04,3.245732273553991,76.24256504156584,80
2024-03-05,3.245732273553991,73.25292502753344,76
2024-03-06,3.245732273553991,68.16516556348972,67
2024-03-07,3.245732273553991,64.2513606583658,70
2024-03-08,3.245732273553991,65.22066796741281,72
2024-03-09,3.245732273553991,70.82026863150475,69
2024-03-10,3.245732273553991,78.40076774525924,78
2024-03-11,3.245732273553991,80.78502192271336,66
2024-03-12,3.245732273553991,78.57947836739625,74
2024-03-13,3.245732273553991,73.40193459089244,76
2024-03-14,3.245732273553991,68.25984816157806,86
2024-03-15,3.245732273553991,69.54429326313726,58
2024-03-16,3.245732273553991,74.3143607376815,70
2024-03-17,3.245732273553991,82.66108413366187,82
2024-03-18,3.245732273553991,86.5251342728483,79
2024-03-19,3.245732273553991,84.0749155272264,78
2024-03-20,3.245732273553991,78.17938265926462,79
2024-03-21,3.245732273553991,76.74007445782938,68
2024-03-22,3.245732273553991,76.00016822827277,70
2024-03-23,3.245732273553991,82.99580507388283,81
2024-03-24,3.245732273553991,92.57547797653427,91
2024-03-25,3.245732273553991,96.3422624337589,95
2024-03-26,3.245732273553991,94.49352194343632,110
2024-03-27,3.245732273553991,87.88859858755796,84
2024-03-28,3.245732273553991,82.94038634948973,78
2024-03-29,3.245732273553991,84.46325689735981,100
2024-03-30,3.245732273553991,90.89199912971341,94
2024-03-31,3.245732273553991,100.69639463458002,112
2024-04-01,3.245732273553991,105.49499297879947,115
2024-04-02,3.245732273553991,101.41501055339526,107
2024-04-03,3.245732273553991,93.55095980463179,102
2024-04-04,3.245732273553991,89.06796632838439,94
2024-04-05,3.245732273553991,90.29990891026742,89
2024-04-06,3.245732273553991,100.56924675704931,102
2024-04-07,3.245732273553991,109.63684782763325,119
2024-04-08,3.245732273553991,114.2352982777329,107
2024-04-09,3.245732273553991,111.04507105042751,88
2024-04-10,3.245732273553991,101.8574954926942,99
2024-04-11,3.245732273553991,97.04552781031492,110
2024-04-12,3.245732273553991,98.95020731172262,109
2024-04-13,3.245732273553991,105.47076921823411,115
2024-04-14,3.245732273553991,115.82725717987303,116
2024-04-15,3.245732273553991,123.06071204775193,123
2024-04-16,3.245732273553991,115.54473215896033,116
2024-04-17,3.245732273553991,103.83742217818713,104
2024-04-18,3.245732273553991,96.36369378286805,82
2024-04-19,3.245732273553991,97.66294710491923,85
2024-04-20,3.245732273553991,109.51768592940198,94
2024-04-21,3.245732273553991,115.37278185987115,118
2024-04-22,3.245732273553991,118.08864500115446,114
2024-04-23,3.245732273553991,113.42509472209025,114
2024-04-24,3.245732273553991,105.13008965806648,94
2024-04-25,3.245732273553991,98.20173901678073,116
2024-04-26,3.245732273553991,100.9371214354078,84
2024-04-27,3.245732273553991,106.30017728580118,115
2024-04-28,3.245732273553991,114.33049334653052,126
2024-04-29,3.245732273553991,117.63363732360096,120
2024-04-30,3.245732273553991,113.33688430716104,117
2024-05-01,3.245732273553991,104.44697845419056,114
2024-05-02,3.245732273553991,98.45200596734922,111
2024-05-03,3.245732273553991,98.35601845202233,101
2024-05-04,3.245732273553991,109.20136109535173,104
2024-05-05,3.245732273553991,118.87091263906785,116
2024-05-06,3.245732273553991,124.23554695515355,119
2024-05-07,3.245732273553991,120.80205840591869,120
2024-05-08,3.245732273553991,107.95507853273662,105
2024-05-09,3.245732273553991,99.10897790564404,112
2024-05-10,3.245732273553991,96.96418617974189,97
2024-05-11,3.245732273553991,103.63794307717671,110
2024-05-12,3.245732273553991,110.9315576780507,95
2024-05-13,3.245732273553991,115.29221624624006,111
2024-05-14,3.245732273553991,111.60380499190656,93
2024-05-15,3.245732273553991,105.79964662929919,108
2024-05-16,3.245732273553991,100.71788680052063,97
2024-05-17,3.245732273553991,101.53224829496078,109
2024-05-18,3.245732273553991,110.86198626121228,97
2024-05-19,3.245732273553991,121.06572263543714,82
2024-05-20,3.245732273553991,124.46113537209392,129
2024-05-21,3.245732273553991,126.03275919663517,134
2024-05-22,3.245732273553991,115.73746358531389,112
2024-05-23,3.245732273553991,110.13340561837356,129
2024-05-24,3.245732273553991,110.07309396259892,105
2024-05-25,3.245732273553991,116.78418197762488,97
2024-05-26,3.245732273553991,127.2809511556905,133
2024-05-27,3.245732273553991,131.87281411967126,130
2024-05-28,3.245732273553991,126.37556258708204,115
2024-05-29,3.245732273553991,118.0667497434547,116
2024-05-30,3.245732273553991,110.21230917884093,92
2024-05-31,3.245732273553991,110.64502140989026,93
2024-06-01,3.245732273553991,116.19536246081023,118
2024-06-02,3.245732273553991,126.9398128693647,119
2024-06-03,3.245732273553991,130.88301083547245,136
2024-06-04,3.245732273553991,127.46026155675827,122
2024-06-05,3.245732273553991,114.65972763506275,130
2024-06-06,3.245732273553991,106.22571013854771,119
2024-06-07,3.245732273553991,108.50480792670746,114
2024-06-08,3.245732273553991,118.00148309092874,145
2024-06-09,3.245732273553991,126.36936408278919,122
2024-06-10,3.245732273553991,131.51476912222748,135
2024-06-11,3.245732273553991,128.78237032461035,120
2024-06-12,3.245732273553991,119.69707611201545,119
2024-06-13,3.245732273553991,108.85576910034277,128
2024-06-14,3.245732273553991,107.57965798155247,98
2024-06-15,3.245732273553991,117.20918029265117,116
2024-06-16,3.245732273553991,126.6574238160697,122
2024-06-17,3.245732273553991,133.45989316004338,124
2024-06-18,3.245732273553991,126.09064348477442,114
2024-06-19,3.245732273553991,116.2604838561894,111
2024-06-20,3.245732273553991,110.70000956804193,111
2024-06-21,3.245732273553991,111.0838282186735,108
2024-06-22,3.245732273553991,121.81376024243814,126
2024-06-23,3.245732273553991,132.91213330272822,122
2024-06-24,3.245732273553991,139.83913226922857,136
2024-06-25,3.245732273553991,137.59433867151796,158
2024-06-26,3.245732273553991,128.74684871442125,143
2024-06-27,3.245732273553991,121.44135513184183,131
2024-06-28,3.245732273553991,123.46402199385122,128
2024-06-29,3.245732273553991,131.57013409709185,125
2024-06-30,3.245732273553991,145.4326890248128,162
2024-07-01,3.245732273553991,149.70885748144116,155
2024-07-02,3.245732273553991,151.44609907455182,169
2024-07-03,3.245732273553991,138.12314791300153,150
2024-07-04,3.245732273553991,128.62908755092067,124
2024-07-05,3.245732273553991,127.50794741856654,126
2024-07-06,3.245732273553991,137.6613715680148,139
2024-07-07,3.245732273553991,149.36111755109715,136
2024-07-08,3.245732273553991,153.00651548333107,140
2024-07-09,3.245732273553991,149.51540336706827,172
2024-07-10,3.245732273553991,139.16968814510238,115
2024-07-11,3.245732273553991,131.30261460077233,114
2024-07-12,3.245732273553991,133.52904675156302,145
2024-07-13,3.245732273553991,142.99859653811987,137
2024-07-14,3.245732273553991,152.47394434488575,161
2024-07-15,3.245732273553991,160.09727171622777,178
2024-07-16,3.245732273553991,156.66790849981325,131
2024-07-17,3.245732273553991,143.71538998138567,148
2024-07-18,3.245732273553991,133.04487973035828,135
2024-07-19,3.245732273553991,130.98726226395462,139
2024-07-20,3.245732273553991,138.79184719427602,129
2024-07-21,3.245732273553991,147.44332721884692,123
2024-07-22,3.245732273553991,152.20757334175238,132
2024-07-23,3.245732273553991,148.09841927133385,153
2024-07-24,3.245732273553991,136.81188828594242,140
2024-07-25,3.245732273553991,128.4422997942792,123
2024-07-26,3.245732273553991,128.8906033305491,123
2024-07-27,3.245732273553991,136.94663085939274,123
2024-07-28,3.245732273553991,152.21735023290415,153
2024-07-29,3.245732273553991,158.3960445897331,169
2024-07-30,3.245732273553991,147.5896332662953,155
2024-07-31,3.245732273553991,135.37767959599583,136
2024-08-01,3.245732273553991,127.94503951574168,132
2024-08-02,3.245732273553991,128.86639468784622,147
2024-08-03,3.245732273553991,140.1855786090002,163
2024-08-04,3.245732273553991,154.26296702750486,175
2024-08-05,3.245732273553991,157.8940553191321,142
2024-08-06,3.245732273553991,154.21081143304016,154
2024-08-07,3.245732273553991,139.1582967936019,154
2024-08-08,3.245732273553991,127.09152312608097,145
2024-08-09,3.245732273553991,127.71688304857066,125
2024-08-10,3.245732273553991,140.58733036316235,145
2024-08-11,3.245732273553991,153.77874469463237,147
2024-08-12,3.245732273553991,157.4252289823637,175
2024-08-13,3.245732273553991,148.30102948493982,148
2024-08-14,3.245732273553991,134.9594211549183,150
2024-08-15,3.245732273553991,125.890276253291,117
2024-08-16,3.245732273553991,125.98771299736357,134
2024-08-17,3.245732273553991,133.15918517416634,130
2024-08-18,3.245732273553991,147.4181870059852,134
2024-08-19,3.245732273553991,150.72685234329157,163
2024-08-20,3.245732273553991,147.87409914074433,117
2024-08-21,3.245732273553991,133.0266180285553,133
2024-08-22,3.245732273553991,123.07159129237935,112
2024-08-23,3.245732273553991,121.33836637433261,127
2024-08-24,3.245732273553991,131.4519954819583,127
2024-08-25,3.245732273553991,146.28463603353305,154
2024-08-26,3.245732273553991,151.7650713044658,141
2024-08-27,3.245732273553991,146.93769089230747,157
2024-08-28,3.245732273553991,136.73986652302426,126
2024-08-29,3.245732273553991,125.82503800203477,116
2024-08-30,3.245732273553991,125.89395386284639,113
2024-08-31,3.245732273553991,131.91201192919345,129
2024-09-01,3.245732273553991,142.55224484915874,161
2024-09-02,3.245732273553991,145.1235702611564,144
2024-09-03,3.245732273553991,142.34170933622892,148
2024-09-04,3.245732273553991,131.47694832179903,116
2024-09-05,3.245732273553991,121.88152964433158,113
2024-09-06,3.245732273553991,122.74464826157775,118
2024-09-07,3.245732273553991,132.46511787597953,131
2024-09-08,3.245732273553991,141.58655299240704,127
2024-09-09,3.245732273553991,146.39917883418775,171
2024-09-10,3.245732273553991,144.64875026947445,147
2024-09-11,3.245732273553991,129.43569042096308,107
2024-09-12,3.245732273553991,119.62003493548444,123
2024-09-13,3.2957322735539907,110.66291032154977,102
2024-09-14,3.2957322735539907,119.59949720731187,96
2024-09-15,3.2957322735539907,130.15687577668018,143
2024-09-16,3.2957322735539907,137.75656567226676,138
2024-09-17,3.2957322735539907,130.77874180245013,131
2024-09-18,3.2957322735539907,121.4430734932417,85
2024-09-19,3.2957322735539907,114.4071982427448,117
2024-09-20,3.2957322735539907,112.25112649685927,115
2024-09-21,3.2957322735539907,118.43198773053041,115
2024-09-22,3.2957322735539907,127.68839100713082,122
2024-09-23,3.2957322735539907,133.24795560584369,148
2024-09-24,3.2957322735539907,131.20215996852195,136
2024-09-25,3.2957322735539907,120.58225422615071,128
2024-09-26,3.2957322735539907,114.6814991641473,113
2024-09-27,3.2957322735539907,113.73876309241798,109
2024-09-28,3.2957322735539907,120.87006562520914,120
2024-09-29,3.2957322735539907,129.25346820078383,123
2024-09-30,3.2957322735539907,130.75564428135726,135
2024-10-01,3.2957322735539907,127.5864287016555,138
2024-10-02,3.2957322735539907,116.13958760159846,112
2024-10-03,3.2957322735539907,109.63867514037521,92
2024-10-04,3.2957322735539907,109.8604896575077,122
2024-10-05,3.2957322735539907,121.01848721982259,122
2024-10-06,3.2957322735539907,131.34025592099044,128
2024-10-07,3.2957322735539907,136.87222025071733,149
2024-10-08,3.2957322735539907,134.19081135680722,140
2024-10-09,3.2957322735539907,123.24310274319191,127
2024-10-10,3.2957322735539907,115.40017350680317,120
2024-10-11,3.2957322735539907,116.17755080586328,118
2024-10-12,3.2957322735539907,122.23319957315931,126
2024-10-13,3.2957322735539907,134.25039620828,121
2024-10-14,3.2957322735539907,137.75895522292723,132
2024-10-15,3.2957322735539907,135.7575259616368,138
2024-10-16,3.2957322735539907,127.07596399828178,97
2024-10-17,3.2957322735539907,118.68820290200337,118
2024-10-18,3.2957322735539907,119.7191193064685,114
2024-10-19,3.2957322735539907,127.6621292845833,131
2024-10-20,3.2957322735539907,136.54097497218004,139
2024-10-21,3.2957322735539907,143.67895515701866,147
2024-10-22,3.2957322735539907,137.83158595546408,149
2024-10-23,3.2957322735539907,125.9894082657881,108
2024-10-24,3.2957322735539907,117.76175254736737,113
2024-10-25,3.2957322735539907,117.21965131349158,103
2024-10-26,3.2957322735539907,130.73885489573877,112
2024-10-27,3.2957322735539907,143.06480768619346,166
2024-10-28,3.2957322735539907,146.8620556468836,152
2024-10-29,3.2957322735539907,144.0127388316772,158
2024-10-30,3.2957322735539907,130.69377535002428,126
2024-10-31,3.2957322735539907,119.08937829251374,129
2024-11-01,3.2957322735539907,118.90607836741808,104
2024-11-02,3.2957322735539907,127.5817971177472,128
2024-11-03,3.2957322735539907,138.85286805654675,148
2024-11-04,3.2957322735539907,143.6848940917939,136
2024-11-05,3.2957322735539907,136.00059731608914,137
2024-11-06,3.2957322735539907,126.59554430479834,130
2024-11-07,3.2957322735539907,114.55573964764812,126
2024-11-08,3.2957322735539907,115.16634579171084,125
2024-11-09,3.2957322735539907,125.97481897728488,132
2024-11-10,3.2957322735539907,140.27458835196313,141
2024-11-11,3.2957322735539907,143.25975813037596,150
2024-11-12,3.2957322735539907,140.12830088795877,157
2024-11-13,3.2957322735539907,127.13864268037811,124
2024-11-14,3.2957322735539907,116.35233536561775,105
2024-11-15,3.2957322735539907,118.32334142567112,117
2024-11-16,3.2957322735539907,127.77299074237632,139
2024-11-17,3.2957322735539907,138.67018586402335,151
2024-11-18,3.2957322735539907,143.57349975366859,123
2024-11-19,3.2957322735539907,139.3476504226201,144
2024-11-20,3.2957322735539907,127.6728144102151,110
2024-11-21,3.2957322735539907,117.42635054336549,104
2024-11-22,3.2957322735539907,122.5678479001854,137
2024-11-23,3.2957322735539907,131.92593178007584,126
2024-11-24,3.2957322735539907,145.99197831584397,149
2024-11-25,3.2957322735539907,151.2179458242799,151
2024-11-26,3.2957322735539907,145.69779060360565,171
2024-11-27,3.2957322735539907,132.65924008291802,145
2024-11-28,3.2957322735539907,123.88350373862039,124
2024-11-29,3.2957322735539907,121.77544306945558,129
2024-11-30,3.2957322735539907,130.42984908235024,134
2024-12-01,3.2957322735539907,140.75503930600726,148
2024-12-02,3.2957322735539907,148.74872060088046,153
2024-12-03,3.2957322735539907,147.7107296109744,142
2024-12-04,3.2957322735539907,136.2998887692269,147
2024-12-05,3.2957322735539907,122.99643798340742,127
2024-12-06,3.2957322735539907,123.27230209798415,124
2024-12-07,3.2957322735539907,133.540009267057,128
2024-12-08,3.2957322735539907,143.26349950881706,141
2024-12-09,3.2957322735539907,148.58851335627372,146
2024-12-10,3.2957322735539907,144.238584980557,129
2024-12-11,3.2957322735539907,133.72282151356407,135
2024-12-12,3.2957322735539907,121.37967992924875,123
2024-12-13,3.2957322735539907,121.47505228825676,143
2024-12-14,3.2957322735539907,131.06221861373385,125
2024-12-15,3.2957322735539907,141.4195207266659,128
2024-12-16,3.2957322735539907,144.84744839180954,162
2024-12-17,3.2957322735539907,139.6650811338801,146
2024-12-18,3.2957322735539907,125.45687995580755,119
2024-12-19,3.2957322735539907,116.92138754355895,127
2024-12-20,3.2957322735539907,118.55942745438966,112
2024-12-21,3.2957322735539907,127.03723592163898,125
2024-12-22,3.2957322735539907,139.55915253027297,136
2024-12-23,3.2957322735539907,145.84708196802677,158
2024-12-24,3.2957322735539907,139.40100090926603,151
2024-12-25,3.2957322735539907,133.19482421980507,145
2024-12-26,3.2957322735539907,124.02618118432302,140
2024-12-27,3.2957322735539907,127.53135913743913,149
2024-12-28,3.2957322735539907,134.35429856512258,120
2024-12-29,3.2957322735539907,147.01168125589174,154
2024-12-30,3.2957322735539907,148.2145172931049,129
2024-12-31,3.2957322735539907,142.1137325746486,136
2025-01-01,3.2957322735539907,130.39432133931533,131
2025-01-02,3.2957322735539907,122.15176747909736,130
2025-01-03,3.2957322735539907,123.75420401685012,138
2025-01-04,3.2957322735539907,132.93905768083,137
2025-01-05,3.2957322735539907,146.8116009646126,162
2025-01-06,3.2957322735539907,150.73528561452648,147
2025-01-07,3.2957322735539907,147.4634109753503,138
2025-01-08,3.2957322735539907,137.55956577213496,161
2025-01-09,3.2957322735539907,124.07946401635108,119
2025-01-10,3.2957322735539907,126.20052095228642,117
2025-01-11,3.2957322735539907,135.59132899677786,142
2025-01-12,3.2957322735539907,148.92354975885215,141
2025-01-13,3.2957322735539907,155.9852903507205,147
2025-01-14,3.2957322735539907,150.64833896515287,145
2025-01-15,3.2957322735539907,135.34041503897137,133
2025-01-16,3.2957322735539907,126.10461126425326,140
2025-01-17,3.2957322735539907,126.21282011085154,137
2025-01-18,3.2957322735539907,140.61678326027018,139
2025-01-19,3.2957322735539907,151.93791631720853,148
2025-01-20,3.2957322735539907,156.17379364651936,144
2025-01-21,3.2957322735539907,156.58042693185803,156
2025-01-22,3.2957322735539907,144.23611846869977,134
2025-01-23,3.2957322735539907,133.3417943405429,140
2025-01-24,3.2957322735539907,134.725986482516,129
2025-01-25,3.2957322735539907,147.131785896798,156
2025-01-26,3.2957322735539907,158.6499120941962,159
2025-01-27,3.2957322735539907,164.42018627190848,161
2025-01-28,3.2957322735539907,159.15705030100958,148
2025-01-29,3.2957322735539907,148.767694798795,136
2025-01-30,3.2957322735539907,141.27466738484998,154
2025-01-31,3.2957322735539907,139.07907120099745,154
2025-02-01,3.2957322735539907,148.98553188407578,124
2025-02-02,3.2957322735539907,161.71146404186464,159
2025-02-03,3.2957322735539907,169.04843751281433,174
2025-02-04,3.2957322735539907,162.21412045734385,170
2025-02-05,3.2957322735539907,152.4441386198186,147
2025-02-06,3.2957322735539907,143.49503988647967,131
2025-02-07,3.2957322735539907,142.2221229257543,130
2025-02-08,3.2957322735539907,154.06818042276794,157
2025-02-09,3.2957322735539907,168.751055424415,185
2025-02-10,3.2957322735539907,175.2443233678524,162
2025-02-11,3.2957322735539907,170.830157321344,191
2025-02-12,3.2957322735539907,157.22926206454255,143
2025-02-13,3.2957322735539907,146.30702250289784,148
2025-02-14,3.2957322735539907,148.5894467236213,159
2025-02-15,3.2957322735539907,158.0328118250857,188
2025-02-16,3.2957322735539907,175.28959197708275,178
2025-02-17,3.2957322735539907,181.3711838987062,192
2025-02-18,3.2957322735539907,179.06738393302058,177
2025-02-19,3.2957322735539907,163.7468313884118,171
2025-02-20,3.2957322735539907,152.39043153569915,164
2025-02-21,3.2957322735539907,154.8624600518923,173
2025-02-22,3.2957322735539907,166.556997218462,146
2025-02-23,3.2957322735539907,183.4988448280024,166
2025-02-24,3.2957322735539907,185.53341314145814,158
2025-02-25,3.2957322735539907,183.39004843091573,183
2025-02-26,3.2957322735539907,167.60176985359732,190
2025-02-27,3.2957322735539907,156.46371956906302,149
2025-02-28,3.2957322735539907,159.17021642066936,151
2025-03-01,3.2957322735539907,168.4732477522224,175
2025-03-02,3.2957322735539907,180.58175245335968,186
2025-03-03,3.2957322735539907,186.41141403347817,202
2025-03-04,3.2957322735539907,180.71649862848474,200
2025-03-05,3.2957322735539907,166.04877797886658,169
2025-03-06,3.2957322735539907,152.99460235002675,155
2025-03-07,3.2957322735539907,151.65488777088623,155
2025-03-08,3.2957322735539907,162.66478381855612,141
2025-03-09,3.2957322735539907,175.91269677337016,166
2025-03-10,3.2957322735539907,181.79645739101147,178
2025-03-11,3.2957322735539907,170.8727997297304,174
2025-03-12,3.2957322735539907,155.51459044753184,157
2025-03-13,3.2957322735539907,145.32496615077585,155
2025-03-14,3.2957322735539907,146.34167609903918,148
2025-03-15,3.2957322735539907,155.13616098080698,165
2025-03-16,3.2957322735539907,169.8715368790346,193
2025-03-17,3.2957322735539907,173.3762436617043,174
2025-03-18,3.2957322735539907,168.42297585460176,165
2025-03-19,3.2957322735539907,155.82586867013825,179
2025-03-20,3.2957322735539907,148.4899482050062,134
2025-03-21,3.2957322735539907,150.5413530369723,155
2025-03-22,3.2957322735539907,160.63517033382675,168
2025-03-23,3.2957322735539907,174.24962933382326,150
2025-03-24,3.2957322735539907,175.37134991967432,173
2025-03-25,3.2957322735539907,166.64939687895114,170
2025-03-26,3.2957322735539907,156.1252163250793,157
2025-03-27,3.2957322735539907,145.22840186247356,152
2025-03-28,3.2957322735539907,141.4062020448398,144
2025-03-29,3.2957322735539907,153.32215765539476,153
2025-03-30,3.2957322735539907,165.84045408649712,156
2025-03-31,3.2957322735539907,177.2545702716415,174
2025-04-01,3.2957322735539907,173.31311915283817,154
2025-04-02,3.2957322735539907,158.5860357218919,140
2025-04-03,3.2957322735539907,144.4796629205,131
2025-04-04,3.2957322735539907,143.70272878574127,148
2025-04-05,3.2957322735539907,154.98233246670202,157
2025-04-06,3.2957322735539907,169.06813278375364,158
2025-04-07,3.2957322735539907,170.95702566244782,189
2025-04-08,3.2957322735539907,168.6710034786208,194
2025-04-09,3.2957322735539907,156.78311740000734,129
2025-04-10,3.2957322735539907,144.9944655110321,140
2025-04-11,3.2957322735539907,145.2779866275555,139
2025-04-12,3.2957322735539907,153.52467048285266,142
2025-04-13,3.2957322735539907,167.6400270674734,148
2025-04-14,3.2957322735539907,171.70332114404914,167
2025-04-15,3.2957322735539907,168.91789368997527,144
2025-04-16,3.2957322735539907,156.78039368140276,184
2025-04-17,3.2957322735539907,149.09611223805072,144
2025-04-18,3.2957322735539907,150.97738147647138,151
2025-04-19,3.2957322735539907,163.85472995069736,162
2025-04-20,3.2957322735539907,177.21610758398182,143
2025-04-21,3.2957322735539907,185.3095756972276,181
2025-04-22,3.2957322735539907,182.7205329085825,192
2025-04-23,3.2957322735539907,171.21129763091892,188
2025-04-24,3.2957322735539907,155.111675924147,161
2025-04-25,3.2957322735539907,153.1914869347916,142
2025-04-26,3.2957322735539907,168.48677307418293,174
2025-04-27,3.2957322735539907,186.7950539480709,190
2025-04-28,3.2957322735539907,191.7918542819443,191
2025-04-29,3.2957322735539907,186.90304405935578,190
2025-04-30,3.2957322735539907,169.23809564572065,167
2025-05-01,3.2957322735539907,158.0945530116116,144
2025-05-02,3.2957322735539907,158.44782294876,143
2025-05-03,3.2957322735539907,170.7731733713465,177
2025-05-04,3.2957322735539907,187.2618748239079,177
2025-05-05,3.2957322735539907,192.04002094076273,194
2025-05-06,3.2957322735539907,185.8635700013875,173
2025-05-07,3.2957322735539907,174.19916553990922,159
2025-05-08,3.2957322735539907,165.29542586958127,174
2025-05-09,3.2957322735539907,168.92628289188,151
2025-05-10,3.2957322735539907,179.02616026672573,180
2025-05-11,3.2957322735539907,191.43330896698234,192
2025-05-12,3.2957322735539907,200.0,235
2025-05-13,3.2957322735539907,189.35312510772977,186
2025-05-14,3.2957322735539907,169.99937520602043,162
2025-05-15,3.2957322735539907,164.20709398500833,151
2025-05-16,3.2957322735539907,165.547915287618,159
2025-05-17,3.2957322735539907,178.0053937392047,189
2025-05-18,3.2957322735539907,193.1009085339964,180
2025-05-19,3.2957322735539907,197.31060536271315,168
2025-05-20,3.2957322735539907,191.99148105732442,205
2025-05-21,3.2957322735539907,179.56723176499483,205
2025-05-22,3.2957322735539907,167.42477919214554,175
2025-05-23,3.2957322735539907,164.59204000951053,165
2025-05-24,3.2957322735539907,172.79727072628788,175
2025-05-25,3.2957322735539907,189.1744068903357,207
2025-05-26,3.2957322735539907,193.2421195889913,184
2025-05-27,3.2957322735539907,187.99890238144943,178
2025-05-28,3.2957322735539907,171.25577044755488,151
2025-05-29,3.2957322735539907,157.34011129680778,170
2025-05-30,3.2957322735539907,157.40919314081418,147
2025-05-31,3.2957322735539907,170.18231618696322,162
2025-06-01,3.2957322735539907,183.03826702455493,210
2025-06-02,3.2957322735539907,194.76085828185828,179
2025-06-03,3.2957322735539907,192.2945236181248,199
2025-06-04,3.2957322735539907,178.79575258409344,192
2025-06-05,3.2957322735539907,169.57294651158,172
2025-06-06,3.2957322735539907,169.30001417581903,156
2025-06-07,3.2957322735539907,181.74827248802586,164
2025-06-08,3.2957322735539907,191.75034738774218,195
2025-06-09,3.2957322735539907,195.85312237696075,188
2025-06-10,3.2957322735539907,186.20188260841985,182
2025-06-11,3.2957322735539907,169.58419231309358,160
2025-06-12,3.2957322735539907,155.89672080936037,137
2025-06-13,3.2957322735539907,154.1002672869291,149
2025-06-14,3.2957322735539907,168.36578725025151,185
2025-06-15,3.2957322735539907,181.92669505119275,196
2025-06-16,3.2957322735539907,192.57364401384092,200
2025-06-17,3.2957322735539907,183.0257366965159,167
2025-06-18,3.2957322735539907,169.44399719126957,166
2025-06-19,3.2957322735539907,158.33625812755497,158
2025-06-20,3.2957322735539907,163.90371246164153,147
